slug,audio_file,guests,title,audio_url,bio_file
McLlama,McLlama.mp3,McLlama,Turning Pokemon Cards into fx(hash) Grails - Interview with McLlama,https://anchor.fm/s/7c35eb94/podcast/play/121224730/https%3A%2F%2Fd3ctxlq1ktw2nl.cloudfront.net%2Fstaging%2F2026-5-9%2Fc90a5e0d-0d69-b52f-0e56-f9293aaec360.mp3,bios/McLlama.txt
Remnynt,Remnynt.mp3,remnynt,Cave Painting In The Digital Age - Interview With Remnynt,https://anchor.fm/s/7c35eb94/podcast/play/120347977/https%3A%2F%2Fd3ctxlq1ktw2nl.cloudfront.net%2Fstaging%2F2026-4-21%2F6cf60f79-f9c8-d79f-f010-3c5f99b62a73.mp3,bios/Remnynt.txt
CCDDBB,CCDDBB.mp3,CCDDBB (Claudio Dalla Bernardina),Following The Line - Interview with CCDDBB (Claudio Dalla Bernardina),https://anchor.fm/s/7c35eb94/podcast/play/117901339/https%3A%2F%2Fd3ctxlq1ktw2nl.cloudfront.net%2Fstaging%2F2026-3-3%2F4fb3119a-0a8b-862a-bd59-6c7c6a2305db.mp3,bios/CCDDBB.txt
Jammasterlee,Jammasterlee.mp3,Jammasterlee,Can't Live A Normal Life: Interview with Jammasterlee,https://anchor.fm/s/7c35eb94/podcast/play/108781111/https%3A%2F%2Fd3ctxlq1ktw2nl.cloudfront.net%2Fstaging%2F2025-8-25%2F0b96188e-f170-fa03-f189-f651ad3f994b.mp3,bios/Jammasterlee.txt
Ciphrd_Cosimo,Ciphrd_Cosimo.mp3,Ciphrd and Cosimo,Navigating The New $fxh Token Protocol: Interview with Ciphrd and Cosimo,https://anchor.fm/s/7c35eb94/podcast/play/102866276/https%3A%2F%2Fd3ctxlq1ktw2nl.cloudfront.net%2Fstaging%2F2025-4-19%2F0ef877d8-e2d0-71ba-00c0-fb8d71385591.mp3,bios/Ciphrd_Cosimo.txt
Zancan,Zancan.mp3,Zancan,Beautiful Utopias: Interview with Zancan,https://anchor.fm/s/7c35eb94/podcast/play/93185302/https%3A%2F%2Fd3ctxlq1ktw2nl.cloudfront.net%2Fstaging%2F2024-9-17%2Ff26487aa-bb30-8010-fda6-944b546fdbcb.mp3,bios/Zancan.txt
NukCZ,NukCZ.mp3,NukCZ,Getting Art Focused: Interview with NukCZ,https://anchor.fm/s/7c35eb94/podcast/play/92271551/https%3A%2F%2Fd3ctxlq1ktw2nl.cloudfront.net%2Fstaging%2F2024-8-27%2F946e0f13-b553-6649-6a7e-cf9dd0f3a4dc.mp3,bios/NukCZ.txt
StevePikelny,StevePikelny.mp3,Steve Pikelny (Stevie P),Holistic Internet Experience: Interview with Steve Pikelny (Stevie P),https://anchor.fm/s/7c35eb94/podcast/play/91002038/https%3A%2F%2Fd3ctxlq1ktw2nl.cloudfront.net%2Fstaging%2F2024-7-28%2F8d488007-da94-f9ed-d0a1-ac824ff69a43.mp3,bios/StevePikelny.txt
KevinEsherick,KevinEsherick.mp3,Kevin Esherick,On Generative Anesthetics: Interview with Kevin Esherick,https://anchor.fm/s/7c35eb94/podcast/play/90487267/https%3A%2F%2Fd3ctxlq1ktw2nl.cloudfront.net%2Fstaging%2F2024-7-15%2F882a6d14-de04-017f-890f-aeb6269158d3.mp3,bios/KevinEsherick.txt
MimiNguyen,MimiNguyen.mp3,Mimi Nguyen,How To Start A Gallery On Another Continent: Interview with Mimi Nguyen,https://anchor.fm/s/7c35eb94/podcast/play/89979223/https%3A%2F%2Fd3ctxlq1ktw2nl.cloudfront.net%2Fstaging%2F2024-7-2%2F21a2e002-f604-74a5-e9ea-965527c14e16.mp3,bios/MimiNguyen.txt
TravessSmalley,TravessSmalley.mp3,Travess Smalley,"Zoom In, Zoom Out: Interview with Travess Smalley",https://anchor.fm/s/7c35eb94/podcast/play/89470274/https%3A%2F%2Fd3ctxlq1ktw2nl.cloudfront.net%2Fstaging%2F2024-6-21%2Fc7efe3fc-4d4c-7cba-92fe-48c169ac0989.mp3,bios/TravessSmalley.txt
JohnGerrard_WhitneyHart,JohnGerrard_WhitneyHart.mp3,artist John Gerrard & Whitney Hart of Feral File,Public Art & The Dance Between The Virtual and the Real: Interview with artist John Gerrard & Whitney Hart of Feral File,https://anchor.fm/s/7c35eb94/podcast/play/89182184/https%3A%2F%2Fd3ctxlq1ktw2nl.cloudfront.net%2Fstaging%2F2024-6-13%2F1a871175-052f-bb65-d289-4a0d8aa88281.mp3,bios/JohnGerrard_WhitneyHart.txt
JamesMerrill,JamesMerrill.mp3,James Merrill,Making Generative Art Less Random: Interview with James Merrill,https://anchor.fm/s/7c35eb94/podcast/play/88946577/https%3A%2F%2Fd3ctxlq1ktw2nl.cloudfront.net%2Fstaging%2F2024-6-7%2F61e1dcdb-fa90-f7dc-3dec-43fada210f54.mp3,bios/JamesMerrill.txt
BjrnStaal,BjrnStaal.mp3,Bjørn Staal,Entangled Cities: Interview with Bjørn Staal,https://anchor.fm/s/7c35eb94/podcast/play/88176984/https%3A%2F%2Fd3ctxlq1ktw2nl.cloudfront.net%2Fstaging%2F2024-5-18%2Fa598948b-6264-1a6f-3cb9-b034ea4109da.mp3,bios/BjrnStaal.txt
ErickCalderon,ErickCalderon.mp3,Erick Calderon (Round 2),Magic Is Not Real: Interview with Erick Calderon (Round 2),https://anchor.fm/s/7c35eb94/podcast/play/88024171/https%3A%2F%2Fd3ctxlq1ktw2nl.cloudfront.net%2Fstaging%2F2024-5-14%2Fc9335c0e-1966-2b8f-bf96-107960131a1b.mp3,bios/ErickCalderon.txt
AlejandroCampos,AlejandroCampos.mp3,Alejandro Campos,Generative Art is a Website: Interview with Alejandro Campos,https://anchor.fm/s/7c35eb94/podcast/play/87096999/https%3A%2F%2Fd3ctxlq1ktw2nl.cloudfront.net%2Fstaging%2F2024-4-23%2Ffbc44fd3-0f5e-f784-97bf-0f7abcece83e.mp3,bios/AlejandroCampos.txt
IskraVelitchkova,IskraVelitchkova.mp3,Iskra Velitchkova,The Distance of a Bird: Interview with Iskra Velitchkova,https://anchor.fm/s/7c35eb94/podcast/play/86819594/https%3A%2F%2Fd3ctxlq1ktw2nl.cloudfront.net%2Fstaging%2F2024-4-16%2F75862189-ebb2-1bc4-e415-82b5b082ad9d.mp3,bios/IskraVelitchkova.txt
RichPoole_RickCrane,RichPoole_RickCrane.mp3,Rich Poole & Rick Crane,Uncompromising Collaborations: Interview with Rich Poole & Rick Crane,https://anchor.fm/s/7c35eb94/podcast/play/85713490/https%3A%2F%2Fd3ctxlq1ktw2nl.cloudfront.net%2Fstaging%2F2024-3-21%2F7509f1d2-57bc-1a92-c282-f8aa8c766212.mp3,bios/RichPoole_RickCrane.txt
ErikSwahn,ErikSwahn.mp3,Erik Swahn,Computational Creativity: Interview with Erik Swahn,https://anchor.fm/s/7c35eb94/podcast/play/85542297/https%3A%2F%2Fd3ctxlq1ktw2nl.cloudfront.net%2Fstaging%2F2024-3-17%2Fadbdb28c-e2df-76e9-75f3-b6a27221d394.mp3,bios/ErikSwahn.txt
JamieGourlay,JamieGourlay.mp3,"Jamie Gourlay, Founder of Verse","Evolving Verse: Interview with Jamie Gourlay, Founder of Verse",https://anchor.fm/s/7c35eb94/podcast/play/84931242/https%3A%2F%2Fd3ctxlq1ktw2nl.cloudfront.net%2Fstaging%2F2024-3-3%2F29baf97b-5e7f-412d-f4f7-c048a0305c73.mp3,bios/JamieGourlay.txt
ErickCalderon_2,ErickCalderon_2.mp3,Erick Calderon,Building The Next Wave of GenArt Lovers: Interview with Erick Calderon,https://anchor.fm/s/7c35eb94/podcast/play/84295857/https%3A%2F%2Fd3ctxlq1ktw2nl.cloudfront.net%2Fstaging%2F2024-2-20%2F371581935-44100-2-cb8214483543f.m4a,bios/ErickCalderon_2.txt
NicolasStreschinsky,NicolasStreschinsky.mp3,Nicolas Streschinsky,What Is Etherlink?: Interview with Nicolas Streschinsky,https://anchor.fm/s/7c35eb94/podcast/play/84077702/https%3A%2F%2Fd3ctxlq1ktw2nl.cloudfront.net%2Fstaging%2F2024-2-15%2Fd9c37bd2-b126-d3bf-78cc-9a1e7caa6f99.mp3,bios/NicolasStreschinsky.txt
JacekMarkusiewicz,JacekMarkusiewicz.mp3,Jacek Markusiewicz,"Baudrillard, Blockchains & Barbarians: Interview with Jacek Markusiewicz",https://anchor.fm/s/7c35eb94/podcast/play/83279157/https%3A%2F%2Fd3ctxlq1ktw2nl.cloudfront.net%2Fstaging%2F2024-1-27%2F3b263aa5-9c10-691a-fce4-fea40481e0bc.mp3,bios/JacekMarkusiewicz.txt
KjetilGolid,KjetilGolid.mp3,Kjetil Golid,Structural Complexity Through Visual Clarity: Interview with Kjetil Golid,https://anchor.fm/s/7c35eb94/podcast/play/82616520/https%3A%2F%2Fd3ctxlq1ktw2nl.cloudfront.net%2Fstaging%2F2024-1-13%2F7fffe68a-b844-b9af-087c-3b86c507442c.mp3,bios/KjetilGolid.txt
JanRobertLeegte,JanRobertLeegte.mp3,Jan Robert Leegte,Sculpting The Web: Interview with Jan Robert Leegte,https://anchor.fm/s/7c35eb94/podcast/play/82371556/https%3A%2F%2Fd3ctxlq1ktw2nl.cloudfront.net%2Fstaging%2F2024-1-7%2F5cfe5f12-747e-b55b-bd31-6720141fbebe.mp3,bios/JanRobertLeegte.txt
LoVid,LoVid.mp3,LoVid (Tali Hinkis & Kyle Lapidus),Feeling Infinity: Interview with LoVid (Tali Hinkis & Kyle Lapidus),https://anchor.fm/s/7c35eb94/podcast/play/82010345/https%3A%2F%2Fd3ctxlq1ktw2nl.cloudfront.net%2Fstaging%2F2024-0-30%2F0c863cf5-c8dd-0394-fc90-2e1bdc115d77.mp3,bios/LoVid.txt
PierreCasadebeig,PierreCasadebeig.mp3,Pierre Casadebeig,Minimum Viable Mountain: Interview with Pierre Casadebeig,https://anchor.fm/s/7c35eb94/podcast/play/81645144/https%3A%2F%2Fd3ctxlq1ktw2nl.cloudfront.net%2Fstaging%2F2024-0-23%2F24f77417-0aa0-7f37-1a9b-34e82b68dc93.mp3,bios/PierreCasadebeig.txt
FrankManzano_ArtieHandz,FrankManzano_ArtieHandz.mp3,Frank Manzano & Artie Handz,Perfection Isn't Interesting: Interview with Frank Manzano & Artie Handz,https://anchor.fm/s/7c35eb94/podcast/play/81036259/https%3A%2F%2Fd3ctxlq1ktw2nl.cloudfront.net%2Fstaging%2F2024-0-9%2F52204cfd-8dba-e917-d015-ccf254a8ab38.mp3,bios/FrankManzano_ArtieHandz.txt
KimAsendorf,KimAsendorf.mp3,Kim Asendorf,The Aesthetic of a Pixel: Interview with Kim Asendorf,https://anchor.fm/s/7c35eb94/podcast/play/79609656/https%3A%2F%2Fd3ctxlq1ktw2nl.cloudfront.net%2Fstaging%2F2023-11-5%2Feca137aa-d517-6b31-69fd-fec9d1f0e8d8.mp3,bios/KimAsendorf.txt
LukeShannon,LukeShannon.mp3,Luke Shannon,Waiting To Sit: Interview with Luke Shannon,https://anchor.fm/s/7c35eb94/podcast/play/78626647/https%3A%2F%2Fd3ctxlq1ktw2nl.cloudfront.net%2Fstaging%2F2023-10-14%2F1ab60fb8-7901-7dad-5492-32412f7314f0.mp3,bios/LukeShannon.txt
MarcelSchwittlick,MarcelSchwittlick.mp3,Marcel Schwittlick,Cursor Lines & Drawing Machines: Interview with Marcel Schwittlick,https://anchor.fm/s/7c35eb94/podcast/play/78087065/https%3A%2F%2Fd3ctxlq1ktw2nl.cloudfront.net%2Fstaging%2F2023-10-2%2F425937d2-040a-a943-6330-e8214514631b.mp3,bios/MarcelSchwittlick.txt
SusannahMaybank,SusannahMaybank.mp3,"Susannah Maybank, co-founder of Tonic.xyz","Physicals in a Digital Art World: Interview with Susannah Maybank, co-founder of Tonic.xyz",https://anchor.fm/s/7c35eb94/podcast/play/77432380/https%3A%2F%2Fd3ctxlq1ktw2nl.cloudfront.net%2Fstaging%2F2023-9-19%2F7bc1a7c9-310d-1e21-1cc5-44f3a3a7be0b.mp3,bios/SusannahMaybank.txt
WilliamMapan,WilliamMapan.mp3,William Mapan,Translating Hand to Code: Interview with William Mapan,https://anchor.fm/s/7c35eb94/podcast/play/77124313/https%3A%2F%2Fd3ctxlq1ktw2nl.cloudfront.net%2Fstaging%2F2023-9-12%2F270c011f-79e7-60e3-3be3-0a5b14f1fcbb.mp3,bios/WilliamMapan.txt
NatEmodi,NatEmodi.mp3,"Nat Emodi, founder of Highlight.xyz","Building The Generative Bazaar: Interview with Nat Emodi, founder of Highlight.xyz",https://anchor.fm/s/7c35eb94/podcast/play/76470736/https%3A%2F%2Fd3ctxlq1ktw2nl.cloudfront.net%2Fstaging%2F2023-8-27%2F89829989-97d4-32d2-7d42-ea73ef31e8d6.mp3,bios/NatEmodi.txt
SimonSays,SimonSays.mp3,SimonSays,Helping Artists Achieve Their Goals: Interview with SimonSays,https://anchor.fm/s/7c35eb94/podcast/play/75986710/https%3A%2F%2Fd3ctxlq1ktw2nl.cloudfront.net%2Fstaging%2F2023-8-16%2F1dee7652-b39a-39ee-0cba-68b893dfbc42.mp3,bios/SimonSays.txt
MayaMan,MayaMan.mp3,Maya Man,There Is No Offline: Interview with Maya Man,https://anchor.fm/s/7c35eb94/podcast/play/75639219/https%3A%2F%2Fd3ctxlq1ktw2nl.cloudfront.net%2Fstaging%2F2023-8-8%2Fd887eba0-fc77-04d3-d97d-27cd43075fb5.mp3,bios/MayaMan.txt
Artnome,Artnome.mp3,Artnome (Jason Bailey),A Different Kind Of Nerd: Interview with Artnome (Jason Bailey),https://anchor.fm/s/7c35eb94/podcast/play/75259003/https%3A%2F%2Fd3ctxlq1ktw2nl.cloudfront.net%2Fstaging%2F2023-7-30%2F333ce544-a2a3-1268-3608-1407646f95b8.mp3,bios/Artnome.txt
Ciphrd,Ciphrd.mp3,Ciphrd,Unlocking A Generative Future: Interview with Ciphrd,https://anchor.fm/s/7c35eb94/podcast/play/74384046/https%3A%2F%2Fd3ctxlq1ktw2nl.cloudfront.net%2Fstaging%2F2023-7-8%2F34970eef-dcf4-7ada-8545-7bcbc7ca96c4.mp3,bios/Ciphrd.txt
ZachLieberman,ZachLieberman.mp3,Zach Lieberman,Living With Images: Interview with Zach Lieberman,https://anchor.fm/s/7c35eb94/podcast/play/74221012/https%3A%2F%2Fd3ctxlq1ktw2nl.cloudfront.net%2Fstaging%2F2023-7-4%2Ff35a0586-2ac1-d3d6-31ec-09f4243c9ec1.mp3,bios/ZachLieberman.txt
HarveyRayner,HarveyRayner.mp3,Harvey Rayner,Creating Decentralized Art: Interview with Harvey Rayner,https://anchor.fm/s/7c35eb94/podcast/play/74034876/https%3A%2F%2Fd3ctxlq1ktw2nl.cloudfront.net%2Fstaging%2F2023-6-30%2F515d0c1d-ea7c-4804-2256-d566a370be07.mp3,bios/HarveyRayner.txt
SashaStiles_NathanielStern,SashaStiles_NathanielStern.mp3,Sasha Stiles & Nathaniel Stern,The Technology of Poetry: Interview with Sasha Stiles & Nathaniel Stern,https://anchor.fm/s/7c35eb94/podcast/play/73273829/https%3A%2F%2Fd3ctxlq1ktw2nl.cloudfront.net%2Fstaging%2F2023-6-11%2F63e50d23-8f3c-2c58-c4e3-5bbd0f7dd606.mp3,bios/SashaStiles_NathanielStern.txt
AndreasGysin,AndreasGysin.mp3,Andreas Gysin,Digital. Mechanical. Kinetic. Materialized: Interview with Andreas Gysin,https://anchor.fm/s/7c35eb94/podcast/play/72639012/https%3A%2F%2Fd3ctxlq1ktw2nl.cloudfront.net%2Fstaging%2F2023-5-26%2F0ee4e40c-694f-0085-d53e-6da6c40f6dad.mp3,bios/AndreasGysin.txt
MonkAntony,MonkAntony.mp3,MonkAntony,Telling the Story of Generative Art: Interview with MonkAntony,https://anchor.fm/s/7c35eb94/podcast/play/71499584/https%3A%2F%2Fd3ctxlq1ktw2nl.cloudfront.net%2Fstaging%2F2023-5-2%2F5bac25d1-f1ca-eec1-8bd2-18568a4f3bd0.mp3,bios/MonkAntony.txt
ValrieWhitacre,ValrieWhitacre.mp3,"Valérie Whitacre, Head of Art at TriliTech","A New Art Movement: Interview with Valérie Whitacre, Head of Art at TriliTech",https://anchor.fm/s/7c35eb94/podcast/play/71286213/https%3A%2F%2Fd3ctxlq1ktw2nl.cloudfront.net%2Fstaging%2F2023-4-30%2F61b4b111-31d0-3909-ba23-72b435ec85be.mp3,bios/ValrieWhitacre.txt
CoryHaber,CoryHaber.mp3,Cory Haber,Every Day Obsession: Interview with Cory Haber,https://anchor.fm/s/7c35eb94/podcast/play/70084075/https%3A%2F%2Fd3ctxlq1ktw2nl.cloudfront.net%2Fstaging%2F2023-4-9%2F7c5c3707-2c8a-7ea0-e4bf-67b1c2c74ca2.mp3,bios/CoryHaber.txt
SethGoldstein,SethGoldstein.mp3,Seth Goldstein,Peak Bright Moments: Interview with Seth Goldstein,https://anchor.fm/s/7c35eb94/podcast/play/69714703/https%3A%2F%2Fd3ctxlq1ktw2nl.cloudfront.net%2Fstaging%2F2023-4-3%2F57ae0e39-3d47-0da9-2d24-33685305a5b0.mp3,bios/SethGoldstein.txt
Rudxane,Rudxane.mp3,Rudxane,Imperfect Perfectionism: Interview with Rudxane,https://anchor.fm/s/7c35eb94/podcast/play/68782163/https%3A%2F%2Fd3ctxlq1ktw2nl.cloudfront.net%2Fstaging%2F2023-3-17%2Fce2a8fb8-d196-6ab3-8f57-2e36240212f4.mp3,bios/Rudxane.txt
Lonliboy,Lonliboy.mp3,Lonliboy,Rabbit-Hole of Passion: Interview with Lonliboy,https://anchor.fm/s/7c35eb94/podcast/play/68016211/https%3A%2F%2Fd3ctxlq1ktw2nl.cloudfront.net%2Fstaging%2F2023-3-5%2Fbdcd31b8-53f4-28a4-5f4f-10ca0497604e.mp3,bios/Lonliboy.txt
Jeres,Jeres.mp3,Jeres,Brute Forcing Beauty: Interview with Jeres,https://anchor.fm/s/7c35eb94/podcast/play/67041320/https%3A%2F%2Fd3ctxlq1ktw2nl.cloudfront.net%2Fstaging%2F2023-2-21%2F8046ad91-4f75-d1b3-d7cd-ca672fa47b47.mp3,bios/Jeres.txt
ThomasNoya,ThomasNoya.mp3,Thomas Noya,Following The Errors: Interview with Thomas Noya,https://anchor.fm/s/7c35eb94/podcast/play/65975891/https%3A%2F%2Fd3ctxlq1ktw2nl.cloudfront.net%2Fstaging%2F2023-2-4%2F29b2e38b-be04-f128-7681-ad837e6b200a.mp3,bios/ThomasNoya.txt
JamieGourlay_2,JamieGourlay_2.mp3,Jamie Gourlay,Legitimizing The Space: Interview with Jamie Gourlay,https://anchor.fm/s/7c35eb94/podcast/play/65420670/https%3A%2F%2Fd3ctxlq1ktw2nl.cloudfront.net%2Fstaging%2F2023-1-21%2F7e7e12a4-8cba-5bb2-14c4-954d9a141a4e.mp3,bios/JamieGourlay_2.txt
MelissaWiederrecht,MelissaWiederrecht.mp3,Melissa Wiederrecht,Throwing Color Around: Interview with Melissa Wiederrecht,https://anchor.fm/s/7c35eb94/podcast/play/64666081/https%3A%2F%2Fd3ctxlq1ktw2nl.cloudfront.net%2Fstaging%2F2023-1-7%2F66de53c2-3538-6784-cce0-d443d93c6459.mp3,bios/MelissaWiederrecht.txt
Kyloren,Kyloren.mp3,Kyloren,Information Asymmetries: Interview with Kyloren,https://anchor.fm/s/7c35eb94/podcast/play/64306814/https%3A%2F%2Fd3ctxlq1ktw2nl.cloudfront.net%2Fstaging%2F2023-0-31%2F1180579d-31f9-5b93-ed05-44786ba14717.mp3,bios/Kyloren.txt
EmilCorsillo_IraGreenberg,EmilCorsillo_IraGreenberg.mp3,Emil Corsillo & Ira Greenberg,What Is Long-Form Generative A.I. Art?: Interview with Emil Corsillo & Ira Greenberg,https://anchor.fm/s/7c35eb94/podcast/play/63913700/https%3A%2F%2Fd3ctxlq1ktw2nl.cloudfront.net%2Fstaging%2F2023-0-23%2Fdcc6fab0-3954-9c96-de59-da3f539aad17.mp3,bios/EmilCorsillo_IraGreenberg.txt
Nudoru,Nudoru.mp3,Nudoru,"Building Tools, Solving Puzzles: Interview with Nudoru",https://anchor.fm/s/7c35eb94/podcast/play/63024904/https%3A%2F%2Fd3ctxlq1ktw2nl.cloudfront.net%2Fstaging%2F2023-0-3%2Fa914b61c-f8d1-5873-9ef6-243db8934a9e.mp3,bios/Nudoru.txt
Bayamese,Bayamese.mp3,Bayamese,Who's Mr. Tezos?: Interview with Bayamese,https://anchor.fm/s/7c35eb94/podcast/play/62778871/https%3A%2F%2Fd3ctxlq1ktw2nl.cloudfront.net%2Fstaging%2F2022-11-28%2F6ff54820-d2f0-fa26-8fbf-7324c31f341a.mp3,bios/Bayamese.txt
ChrisMcCully,ChrisMcCully.mp3,Chris McCully,Tuning The Frequency: Interview with Chris McCully,https://anchor.fm/s/7c35eb94/podcast/play/62043424/https%3A%2F%2Fd3ctxlq1ktw2nl.cloudfront.net%2Fstaging%2F2022-11-12%2Fbaf77458-5ce1-ea31-ba98-30c76fec720c.mp3,bios/ChrisMcCully.txt
LandlinesArt,LandlinesArt.mp3,Landlines Art,What Landlines Art Is: Interview with Landlines Art,https://anchor.fm/s/7c35eb94/podcast/play/61447587/https%3A%2F%2Fd3ctxlq1ktw2nl.cloudfront.net%2Fstaging%2F2022-10-30%2F9e31fe30-a327-cbc9-b9f1-eba621cff0e3.mp3,bios/LandlinesArt.txt
ciphrd_2,ciphrd_2.mp3,ciphrd,The First Year of fx(hash): Interview with ciphrd,https://anchor.fm/s/7c35eb94/podcast/play/60693047/https%3A%2F%2Fd3ctxlq1ktw2nl.cloudfront.net%2Fstaging%2F2022-10-15%2F9b657663-2804-3bb1-52c0-5c677dd00877.mp3,bios/ciphrd_2.txt
Zeneca_Jaime,Zeneca_Jaime.mp3,Zeneca and Jaime of the 2 Bored Apes podcast,Left-Brained Art: Interview with Zeneca and Jaime of the 2 Bored Apes podcast,https://anchor.fm/s/7c35eb94/podcast/play/60229187/https%3A%2F%2Fd3ctxlq1ktw2nl.cloudfront.net%2Fstaging%2F2022-10-7%2F12ecdead-b200-257b-ff57-dc319a719f4c.mp3,bios/Zeneca_Jaime.txt
LeanderHerzog,LeanderHerzog.mp3,Leander Herzog,Creating Infinite Systems: Interview with Leander Herzog,https://anchor.fm/s/7c35eb94/podcast/play/59569271/https%3A%2F%2Fd3ctxlq1ktw2nl.cloudfront.net%2Fstaging%2F2022-9-25%2F59281314-12f3-7a9e-8f70-f4497240b850.mp3,bios/LeanderHerzog.txt
LiamEgan,LiamEgan.mp3,Liam Egan,"Coder, Artist, Sheriff, Mod: Interview with Liam Egan",https://anchor.fm/s/7c35eb94/podcast/play/58613818/https%3A%2F%2Fd3ctxlq1ktw2nl.cloudfront.net%2Fstaging%2F2022-9-5%2F58056f6c-c163-c4f5-070b-7ec9d8cdf600.mp3,bios/LiamEgan.txt
AndreasRau_MarceloSoriaRodriguez,AndreasRau_MarceloSoriaRodriguez.mp3,Andreas Rau and Marcelo Soria-Rodriguez,Encoding Emotion: Interview with Andreas Rau and Marcelo Soria-Rodriguez,https://anchor.fm/s/7c35eb94/podcast/play/57845700/https%3A%2F%2Fd3ctxlq1ktw2nl.cloudfront.net%2Fstaging%2F2022-8-20%2F6f9b59fb-72e8-5b7d-e5a2-61ccc2e18d24.mp3,bios/AndreasRau_MarceloSoriaRodriguez.txt
LeMonde2D,LeMonde2D.mp3,LeMonde2D,Building The Museum: Interview with LeMonde2D,https://anchor.fm/s/7c35eb94/podcast/play/57449475/https%3A%2F%2Fd3ctxlq1ktw2nl.cloudfront.net%2Fstaging%2F2022-8-12%2Ff2db23ab-93f4-2cc8-c482-13a143205618.mp3,bios/LeMonde2D.txt
LisaOrth,LisaOrth.mp3,Lisa Orth,Always Moving Forward: Interview with Lisa Orth,https://anchor.fm/s/7c35eb94/podcast/play/56537104/https%3A%2F%2Fd3ctxlq1ktw2nl.cloudfront.net%2Fstaging%2F2022-7-23%2F5a5856b9-c41b-58c0-5d41-c5cb52843a6e.mp3,bios/LisaOrth.txt
AJBerni,AJBerni.mp3,AJBerni,Hooked on Art: Interview with AJBerni,https://anchor.fm/s/7c35eb94/podcast/play/55976519/https%3A%2F%2Fd3ctxlq1ktw2nl.cloudfront.net%2Fstaging%2F2022-7-10%2Fa0a1b80c-8fc7-b67f-24b2-29b6a510414f.mp3,bios/AJBerni.txt
IvonaTau,IvonaTau.mp3,"Ivona Tau, PhD","Exploring In-Between States: Interview with Ivona Tau, PhD",https://anchor.fm/s/7c35eb94/podcast/play/55038769/https%3A%2F%2Fd3ctxlq1ktw2nl.cloudfront.net%2Fstaging%2F2022-6-19%2Fe251023c-adc0-f942-f4da-a0972c6a6a94.mp3,bios/IvonaTau.txt
KRPDMDAO,KRPDMDAO.mp3,KRPDM DAO,Buying Through the Bear Market: Interview with KRPDM DAO,https://anchor.fm/s/7c35eb94/podcast/play/54076683/https%3A%2F%2Fd3ctxlq1ktw2nl.cloudfront.net%2Fstaging%2F2022-5-27%2Fbca33962-9742-d20d-cda4-c421ef026d69.mp3,bios/KRPDMDAO.txt
AnnaLucia,AnnaLucia.mp3,Anna Lucia,The Importance of Color: Interview with Anna Lucia,https://anchor.fm/s/7c35eb94/podcast/play/53522388/https%3A%2F%2Fd3ctxlq1ktw2nl.cloudfront.net%2Fstaging%2F2022-5-15%2Fb6f5f746-34df-82cd-c3fb-6429cb1ee88d.mp3,bios/AnnaLucia.txt
PiterPasma,PiterPasma.mp3,Piter Pasma,Playing Code Golf: Interview with Piter Pasma,https://anchor.fm/s/7c35eb94/podcast/play/52515873/https%3A%2F%2Fd3ctxlq1ktw2nl.cloudfront.net%2Fstaging%2F2022-4-24%2F7bcf9aa2-53db-c986-9149-c18e12ccf287.mp3,bios/PiterPasma.txt
AmyGoodchild,AmyGoodchild.mp3,Amy Goodchild!,Interview with Amy Goodchild!,https://anchor.fm/s/7c35eb94/podcast/play/50838820/https%3A%2F%2Fd3ctxlq1ktw2nl.cloudfront.net%2Fstaging%2F2022-3-20%2Fdd6cd7a2-bc26-df6f-e398-4c60343833de.mp3,bios/AmyGoodchild.txt
abstractment,abstractment.mp3,abstractment,Investigating Clews: Interview with abstractment,https://anchor.fm/s/7c35eb94/podcast/play/47265451/https%3A%2F%2Fd3ctxlq1ktw2nl.cloudfront.net%2Fstaging%2F2022-1-6%2F246452220-44100-2-b32beabab948a.m4a,bios/abstractment.txt
KenConsumer,KenConsumer.mp3,KenConsumer,Breaking G L A S S: Interview with KenConsumer,https://anchor.fm/s/7c35eb94/podcast/play/46629117/https%3A%2F%2Fd3ctxlq1ktw2nl.cloudfront.net%2Fstaging%2F2022-0-24%2F3ff063c8-2c48-94b7-b4db-e285be43b7e8.mp3,bios/KenConsumer.txt
BrePettis,BrePettis.mp3,Bre Pettis,The Cult of Generative Art: Interview w/ Bre Pettis,https://anchor.fm/s/7c35eb94/podcast/play/80275821/https%3A%2F%2Fd3ctxlq1ktw2nl.cloudfront.net%2Fstaging%2F2023-11-20%2F97dd0b96-16c7-4f45-071f-6b2f06fe36c8.mp3,bios/BrePettis.txt
Ozzie,Ozzie.mp3,Ozzie,"No Experts: Interview w/ Ozzie, fx(hash) Director of Artists",https://anchor.fm/s/7c35eb94/podcast/play/70550274/https%3A%2F%2Fd3ctxlq1ktw2nl.cloudfront.net%2Fstaging%2F2023-4-17%2F59d7ead1-452a-14d0-cefa-923608e46306.mp3,bios/Ozzie.txt
ClownVamp,ClownVamp.mp3,ClownVamp,Interview w/ ClownVamp,https://anchor.fm/s/7c35eb94/podcast/play/52179056/https%3A%2F%2Fd3ctxlq1ktw2nl.cloudfront.net%2Fstaging%2F2022-4-18%2Fc991f815-c3ef-94e1-c23f-944bb04052e4.mp3,bios/ClownVamp.txt
Ciphrd_EndOfBeta,Ciphrd_EndOfBeta.mp3,Ciphrd,Ciphrd End of Beta Interview,https://anchor.fm/s/7c35eb94/podcast/play/49446485/https%3A%2F%2Fd3ctxlq1ktw2nl.cloudfront.net%2Fstaging%2F2022-2-22%2Fe7e5512b-e9d9-9989-fb7c-7d93e1381d2d.mp3,bios/Ciphrd_EndOfBeta.txt
Kaloh,Kaloh.mp3,Kaloh,Interview w/ Kaloh,https://anchor.fm/s/7c35eb94/podcast/play/48351748/https%3A%2F%2Fd3ctxlq1ktw2nl.cloudfront.net%2Fstaging%2F2022-1-28%2Fdc039b96-9ad4-579f-e8a7-481e03a9ebba.mp3,bios/Kaloh.txt
MJLindow,MJLindow.mp3,MJLindow,Interview w/ MJLindow,https://anchor.fm/s/7c35eb94/podcast/play/48000506/https%3A%2F%2Fd3ctxlq1ktw2nl.cloudfront.net%2Fstaging%2F2022-1-21%2F1ac6f0a0-2dc7-a6b5-d973-f6892c758b92.mp3,bios/MJLindow.txt
Haiver,Haiver.mp3,Haiver,Artist Commons: Art Whispering with Haiver,https://anchor.fm/s/7c35eb94/podcast/play/111644410/https%3A%2F%2Fd3ctxlq1ktw2nl.cloudfront.net%2Fstaging%2F2025-10-24%2Fea6cea3c-8381-3932-7086-bdbbb0961c84.mp3,bios/Haiver.txt
Pronoia,Pronoia.mp3,Pronoia,Big Yapping about $fxh with Pronoia,https://anchor.fm/s/7c35eb94/podcast/play/107115926/https%3A%2F%2Fd3ctxlq1ktw2nl.cloudfront.net%2Fstaging%2F2025-7-20%2F0ea235ea-0056-94d5-7787-122dc7bb3743.mp3,bios/Pronoia.txt
UltimateGuide,UltimateGuide.mp3,Ciphrd & Adam Berninger,Your Ultimate Guide to fx(hash) 2.0 w/ Ciphrd & Adam Berninger,https://anchor.fm/s/7c35eb94/podcast/play/78952425/https%3A%2F%2Fd3ctxlq1ktw2nl.cloudfront.net%2Fstaging%2F2023-10-21%2F56a7b488-2652-30f5-9392-bbcb42ba805c.mp3,bios/UltimateGuide.txt
